iD,group,technique,trialBlock,trial,headTotalDistance,headExtent,leftTotalDistance,leftExtent,rightTotalDistance,rightExtent,leftHeadDistance,rightHeadDistance,leftThumbstickDistance,leftThumbstickExtent,rightThumbstickDistance,rightThumbstickExtent,leftTriggerPressure,rightTriggerPressure,leftGripPressure,rightGripPressure,buttonPressCount,movementVariability,targetEnteredCount,axisCrossedCount,trialTime,,,,,,,
P001,Impaired,Astral,1,1,0.9,0.32,1,0.35,0.2,0.08,0.42,0.3,2.1,0.7,0.1,0.05,0.05,0.02,0.03,0.01,20,0.9,13,22,,,,,,,,
P001,Impaired,Chicken,1,2,1.7,0.65,0.5,0.22,0.25,0.12,0.53,0.42,0.08,0.08,0.04,0.04,0,0,0,0,0,0.95,11,20,,,,,,,,
P001,Impaired,Grab,2,1,1.1,0.42,2.6,0.85,0.5,0.25,0.66,0.45,0.18,0.14,0.08,0.06,0.8,0.1,0.2,0.05,6,1.05,14,28,,,,,,,,
P001,Impaired,Sliding,2,2,1.3,0.52,1.05,0.34,0.3,0.15,0.54,0.42,0.3,0.22,0.08,0.06,0.06,0.02,0.05,0.02,38,0.92,13,24,,,,,,,,
P001,Impaired,Teleport,3,1,1.25,0.5,1.6,0.62,0.3,0.12,0.6,0.45,0.38,0.3,0.12,0.08,0.85,0.1,0.12,0.04,18,1,15,30,,,,,,,,
P001,Impaired,Throw,3,2,1.3,0.54,2.3,0.95,0.45,0.2,0.68,0.5,0.32,0.26,0.12,0.1,0.18,0.06,0.9,0.2,20,1.1,17,32,,,,,,,,
P002,Impaired,Astral,1,1,0.9,0.32,0.2,0.08,1,0.35,0.3,0.42,0.1,0.05,2.1,0.7,0.02,0.05,0.01,0.03,20,0.88,13,21,,,,,,,,
P002,Impaired,Chicken,1,2,1.7,0.65,0.25,0.12,0.5,0.22,0.42,0.53,0.04,0.04,0.08,0.08,0,0,0,0,0,0.93,11,19,,,,,,,,
P002,Impaired,Grab,2,1,1.1,0.42,0.5,0.25,2.6,0.85,0.45,0.66,0.08,0.06,0.18,0.14,0.1,0.8,0.05,0.2,6,1.02,14,27,,,,,,,,
P002,Impaired,Sliding,2,2,1.3,0.52,0.3,0.15,1.05,0.34,0.42,0.54,0.08,0.06,0.3,0.22,0.02,0.06,0.02,0.05,37,0.9,13,23,,,,,,,,
P002,Impaired,Teleport,3,1,1.25,0.5,0.3,0.12,1.6,0.62,0.45,0.6,0.12,0.08,0.38,0.3,0.1,0.85,0.04,0.12,18,0.98,15,29,,,,,,,,
P002,Impaired,Throw,3,2,1.3,0.54,0.45,0.2,2.3,0.95,0.5,0.68,0.12,0.1,0.32,0.26,0.06,0.18,0.2,0.9,20,1.08,17,31,,,,,,,,
P003,Impaired,Astral,1,1,0.95,0.35,0.5,0.18,1.1,0.38,0.45,0.48,0.25,0.12,2.2,0.75,0.06,0.11,0.03,0.05,22,1.5,14,36,,,,,,,,
P003,Impaired,Chicken,1,2,1.8,0.7,0.45,0.22,0.45,0.22,0.55,0.55,0.12,0.1,0.12,0.1,0,0,0,0,0,1.55,13,38,,,,,,,,
P003,Impaired,Grab,2,1,1.2,0.45,2.2,0.75,2.4,0.8,0.65,0.67,0.25,0.16,0.25,0.16,0.8,0.88,0.22,0.26,7,1.6,15,42,,,,,,,,
P003,Impaired,Sliding,2,2,1.35,0.55,0.8,0.28,1.05,0.37,0.54,0.58,0.12,0.11,0.35,0.27,0.06,0.09,0.05,0.05,40,1.48,14,40,,,,,,,,
P003,Impaired,Teleport,3,1,1.3,0.52,0.9,0.35,1.65,0.65,0.52,0.6,0.22,0.16,0.45,0.36,0.32,0.92,0.06,0.12,20,1.55,16,44,,,,,,,,
P003,Impaired,Throw,3,2,1.35,0.55,1.1,0.42,2.3,0.92,0.57,0.68,0.27,0.22,0.38,0.32,0.12,0.22,0.45,0.98,22,1.65,17,48,,,,,,,,
P004,Impaired,Astral,1,1,0.95,0.35,0.5,0.18,1.1,0.38,0.45,0.48,0.25,0.12,2.2,0.75,0.06,0.11,0.03,0.05,22,1.5,14,36,,,,,,,,
P004,Impaired,Chicken,1,2,1.8,0.7,0.45,0.22,0.45,0.22,0.55,0.55,0.12,0.1,0.12,0.1,0,0,0,0,0,1.55,13,38,,,,,,,,
P004,Impaired,Grab,2,1,1.2,0.45,2.2,0.75,2.4,0.8,0.65,0.67,0.25,0.16,0.25,0.16,0.8,0.88,0.22,0.26,7,1.6,15,42,,,,,,,,
P004,Impaired,Sliding,2,2,1.35,0.55,0.8,0.28,1.05,0.37,0.54,0.58,0.12,0.11,0.35,0.27,0.06,0.09,0.05,0.05,40,1.48,14,40,,,,,,,,
P004,Impaired,Teleport,3,1,1.3,0.52,0.9,0.35,1.65,0.65,0.52,0.6,0.22,0.16,0.45,0.36,0.32,0.92,0.06,0.12,20,1.55,16,44,,,,,,,,
P004,Impaired,Throw,3,2,1.35,0.55,1.1,0.42,2.3,0.92,0.57,0.68,0.27,0.22,0.38,0.32,0.12,0.22,0.45,0.98,22,1.65,17,48,,,,,,,,
P005,Impaired,Astral,1,1,0.7,0.25,0.35,0.12,0.85,0.3,0.38,0.4,0.18,0.09,1.8,0.62,0.04,0.08,0.02,0.04,17,0.8,12,21,,,,,,,,
P005,Impaired,Chicken,1,2,1.4,0.55,0.35,0.18,0.35,0.18,0.48,0.48,0.08,0.08,0.08,0.08,0,0,0,0,0,0.85,11,20,,,,,,,,
P005,Impaired,Grab,2,1,0.95,0.38,1.8,0.6,2,0.65,0.56,0.58,0.18,0.13,0.18,0.13,0.65,0.7,0.17,0.2,4,0.88,13,24,,,,,,,,
P005,Impaired,Sliding,2,2,1.1,0.45,0.6,0.22,0.85,0.3,0.48,0.52,0.08,0.08,0.25,0.2,0.04,0.06,0.04,0.04,32,0.78,12,22,,,,,,,,
P005,Impaired,Teleport,3,1,1.05,0.42,0.7,0.26,1.3,0.52,0.5,0.55,0.18,0.14,0.32,0.28,0.28,0.75,0.06,0.08,15,0.9,14,25,,,,,,,,
P005,Impaired,Throw,3,2,1.1,0.45,0.9,0.35,1.95,0.82,0.55,0.63,0.25,0.2,0.32,0.26,0.11,0.18,0.4,0.8,18,0.95,15,28,,,,,,,,
P006,Impaired,Astral,1,1,0.8,0.3,0.35,0.13,0.8,0.3,0.38,0.4,0.18,0.09,1.7,0.6,0.03,0.06,0.02,0.03,16,0.95,12,21,,,,,,,,
P006,Impaired,Chicken,1,2,1.6,0.6,0.35,0.18,0.35,0.18,0.48,0.48,0.08,0.08,0.08,0.08,0,0,0,0,0,1,11,20,,,,,,,,
P006,Impaired,Grab,2,1,1.05,0.4,1.8,0.6,2,0.65,0.58,0.6,0.18,0.13,0.18,0.13,0.6,0.68,0.15,0.18,4,1.05,13,25,,,,,,,,
P006,Impaired,Sliding,2,2,1.25,0.5,0.65,0.22,0.9,0.32,0.5,0.53,0.08,0.08,0.25,0.2,0.04,0.06,0.04,0.04,30,1,12,23,,,,,,,,
P006,Impaired,Teleport,3,1,1.15,0.45,0.75,0.28,1.3,0.52,0.5,0.55,0.18,0.14,0.32,0.28,0.25,0.7,0.05,0.08,15,1.05,14,27,,,,,,,,
P006,Impaired,Throw,3,2,1.2,0.48,0.95,0.36,2,0.8,0.55,0.65,0.25,0.2,0.32,0.26,0.12,0.18,0.35,0.75,17,1.1,16,29,,,,,,,,
P007,Impaired,Astral,1,1,0.9,0.32,0.3,0.1,0.6,0.22,0.36,0.38,0.1,0.05,1.4,0.5,0.02,0.04,0.01,0.02,14,1.1,11,22,,,,,,,,
P007,Impaired,Chicken,1,2,1.8,0.7,0.3,0.16,0.3,0.16,0.5,0.5,0.06,0.06,0.06,0.06,0,0,0,0,0,1.2,10,22,,,,,,,,
P007,Impaired,Grab,2,1,1.15,0.42,1.5,0.5,1.7,0.55,0.56,0.58,0.15,0.12,0.15,0.12,0.4,0.45,0.1,0.12,4,1.25,12,27,,,,,,,,
P007,Impaired,Sliding,2,2,1.35,0.55,0.55,0.2,0.8,0.28,0.5,0.52,0.06,0.06,0.22,0.18,0.03,0.05,0.03,0.03,28,1.15,11,25,,,,,,,,
P007,Impaired,Teleport,3,1,1.25,0.5,0.65,0.24,1.1,0.45,0.5,0.55,0.15,0.12,0.28,0.24,0.18,0.55,0.04,0.06,14,1.22,13,28,,,,,,,,
P007,Impaired,Throw,3,2,1.3,0.52,0.85,0.32,1.8,0.78,0.55,0.65,0.22,0.18,0.3,0.25,0.1,0.15,0.3,0.65,16,1.3,15,30,,,,,,,,
P008,Impaired,Astral,1,1,0.8,0.3,0.35,0.13,0.8,0.3,0.38,0.4,0.18,0.09,1.7,0.6,0.03,0.06,0.02,0.03,16,0.95,12,21,,,,,,,,
P008,Impaired,Chicken,1,2,1.6,0.6,0.35,0.18,0.35,0.18,0.48,0.48,0.08,0.08,0.08,0.08,0,0,0,0,0,1,11,20,,,,,,,,
P008,Impaired,Grab,2,1,1.05,0.4,1.8,0.6,2,0.65,0.58,0.6,0.18,0.13,0.18,0.13,0.6,0.68,0.15,0.18,4,1.05,13,25,,,,,,,,
P008,Impaired,Sliding,2,2,1.25,0.5,0.65,0.22,0.9,0.32,0.5,0.53,0.08,0.08,0.25,0.2,0.04,0.06,0.04,0.04,30,1,12,23,,,,,,,,
P008,Impaired,Teleport,3,1,1.15,0.45,0.75,0.28,1.3,0.52,0.5,0.55,0.18,0.14,0.32,0.28,0.25,0.7,0.05,0.08,15,1.05,14,27,,,,,,,,
P008,Impaired,Throw,3,2,1.2,0.48,0.95,0.36,2,0.8,0.55,0.65,0.25,0.2,0.32,0.26,0.12,0.18,0.35,0.75,17,1.1,16,29,,,,,,,,
P009,Impaired,Astral,1,1,1.1,0.4,1.2,0.4,0.9,0.32,0.5,0.46,0.3,0.14,2.1,0.72,0.07,0.11,0.04,0.05,24,1.7,15,40,,,,,,,,
P009,Impaired,Chicken,1,2,2,0.8,0.6,0.28,0.45,0.22,0.6,0.55,0.15,0.12,0.1,0.1,0,0,0,0,0,1.8,14,42,,,,,,,,
P009,Impaired,Grab,2,1,1.4,0.48,2.8,0.9,2.1,0.75,0.7,0.66,0.28,0.18,0.22,0.16,0.82,0.88,0.24,0.26,8,1.85,16,46,,,,,,,,
P009,Impaired,Sliding,2,2,1.6,0.6,1,0.35,1.05,0.36,0.58,0.58,0.14,0.12,0.32,0.25,0.07,0.09,0.06,0.06,42,1.72,15,44,,,,,,,,
P009,Impaired,Teleport,3,1,1.45,0.55,1.1,0.4,1.5,0.6,0.58,0.6,0.26,0.18,0.45,0.35,0.35,0.9,0.08,0.12,21,1.8,17,48,,,,,,,,
P009,Impaired,Throw,3,2,1.5,0.58,2.5,0.95,2.2,0.85,0.7,0.68,0.3,0.24,0.36,0.3,0.15,0.22,0.5,0.9,24,1.9,18,52,,,,,,,,
P010,Impaired,Astral,1,1,0.95,0.35,0.5,0.18,1.1,0.38,0.45,0.48,0.25,0.12,2.2,0.75,0.06,0.11,0.03,0.05,22,1.5,14,36,,,,,,,,
P010,Impaired,Chicken,1,2,1.8,0.7,0.45,0.22,0.45,0.22,0.55,0.55,0.12,0.1,0.12,0.1,0,0,0,0,0,1.55,13,38,,,,,,,,
P010,Impaired,Grab,2,1,1.2,0.45,2.2,0.75,2.4,0.8,0.65,0.67,0.25,0.16,0.25,0.16,0.8,0.88,0.22,0.26,7,1.6,15,42,,,,,,,,
P010,Impaired,Sliding,2,2,1.35,0.55,0.8,0.28,1.05,0.37,0.54,0.58,0.12,0.11,0.35,0.27,0.06,0.09,0.05,0.05,40,1.48,14,40,,,,,,,,
P010,Impaired,Teleport,3,1,1.3,0.52,0.9,0.35,1.65,0.65,0.52,0.6,0.22,0.16,0.45,0.36,0.32,0.92,0.06,0.12,20,1.55,16,44,,,,,,,,
P010,Impaired,Throw,3,2,1.35,0.55,1.1,0.42,2.3,0.92,0.57,0.68,0.27,0.22,0.38,0.32,0.12,0.22,0.45,0.98,22,1.65,17,48,,,,,,,,
P011,Impaired,Astral,1,1,0.85,0.3,1.1,0.36,0.05,0.02,0.43,0.28,2.2,0.72,0,0,0.06,0,0.04,0,19,0.95,13,23,,,,,,,,
P011,Impaired,Chicken,1,2,1.65,0.65,0.55,0.24,0.05,0.02,0.52,0.3,0.09,0.09,0,0,0,0,0,0,0,1,11,21,,,,,,,,
P011,Impaired,Grab,2,1,1.05,0.4,2.5,0.9,0.1,0.04,0.68,0.32,0.2,0.15,0,0,0.82,0,0.22,0,5,1.05,14,27,,,,,,,,
P011,Impaired,Sliding,2,2,1.25,0.52,0.95,0.32,0.08,0.03,0.53,0.32,0.28,0.22,0,0,0.06,0,0.05,0,36,0.98,13,24,,,,,,,,
P011,Impaired,Teleport,3,1,1.2,0.48,1.55,0.62,0.08,0.03,0.58,0.32,0.4,0.32,0,0,0.88,0,0.12,0,18,1.05,15,29,,,,,,,,
P011,Impaired,Throw,3,2,1.25,0.5,2.4,0.95,0.1,0.04,0.7,0.35,0.34,0.27,0,0,0.18,0,0.94,0,20,1.12,17,33,,,,,,,,
P012,Impaired,Astral,1,1,0.95,0.35,0.5,0.18,1.1,0.38,0.45,0.48,0.25,0.12,2.2,0.75,0.06,0.11,0.03,0.05,22,1.5,14,36,,,,,,,,
P012,Impaired,Chicken,1,2,1.8,0.7,0.45,0.22,0.45,0.22,0.55,0.55,0.12,0.1,0.12,0.1,0,0,0,0,0,1.55,13,38,,,,,,,,
P012,Impaired,Grab,2,1,1.2,0.45,2.2,0.75,2.4,0.8,0.65,0.67,0.25,0.16,0.25,0.16,0.8,0.88,0.22,0.26,7,1.6,15,42,,,,,,,,
P012,Impaired,Sliding,2,2,1.35,0.55,0.8,0.28,1.05,0.37,0.54,0.58,0.12,0.11,0.35,0.27,0.06,0.09,0.05,0.05,40,1.48,14,40,,,,,,,,
P012,Impaired,Teleport,3,1,1.3,0.52,0.9,0.35,1.65,0.65,0.52,0.6,0.22,0.16,0.45,0.36,0.32,0.92,0.06,0.12,20,1.55,16,44,,,,,,,,
P012,Impaired,Throw,3,2,1.35,0.55,1.1,0.42,2.3,0.92,0.57,0.68,0.27,0.22,0.38,0.32,0.12,0.22,0.45,0.98,22,1.65,17,48,,,,,,,,
P013,Impaired,Astral,1,1,1.1,0.4,1.2,0.4,0.9,0.32,0.5,0.46,0.3,0.14,2.1,0.72,0.07,0.11,0.04,0.05,24,1.7,15,40,,,,,,,,
P013,Impaired,Chicken,1,2,2,0.8,0.6,0.28,0.45,0.22,0.6,0.55,0.15,0.12,0.1,0.1,0,0,0,0,0,1.8,14,42,,,,,,,,
P013,Impaired,Grab,2,1,1.4,0.48,2.8,0.9,2.1,0.75,0.7,0.66,0.28,0.18,0.22,0.16,0.82,0.88,0.24,0.26,8,1.85,16,46,,,,,,,,
P013,Impaired,Sliding,2,2,1.6,0.6,1,0.35,1.05,0.36,0.58,0.58,0.14,0.12,0.32,0.25,0.07,0.09,0.06,0.06,42,1.72,15,44,,,,,,,,
P013,Impaired,Teleport,3,1,1.45,0.55,1.1,0.4,1.5,0.6,0.58,0.6,0.26,0.18,0.45,0.35,0.35,0.9,0.08,0.12,21,1.8,17,48,,,,,,,,
P013,Impaired,Throw,3,2,1.5,0.58,2.5,0.95,2.2,0.85,0.7,0.68,0.3,0.24,0.36,0.3,0.15,0.22,0.5,0.9,24,1.9,18,52,,,,,,,,
P014,Impaired,Astral,1,1,1.05,0.37,0.55,0.2,1.2,0.4,0.47,0.5,0.28,0.13,2.3,0.78,0.06,0.12,0.03,0.05,25,1.8,15,44,,,,,,,,
P014,Impaired,Chicken,1,2,1.95,0.75,0.5,0.24,0.5,0.24,0.58,0.58,0.14,0.11,0.14,0.11,0,0,0,0,0,1.85,14,46,,,,,,,,
P014,Impaired,Grab,2,1,1.3,0.48,2.3,0.78,2.6,0.85,0.68,0.7,0.28,0.18,0.28,0.18,0.82,0.9,0.24,0.28,9,1.9,16,50,,,,,,,,
P014,Impaired,Sliding,2,2,1.45,0.58,0.85,0.3,1.1,0.4,0.57,0.61,0.14,0.12,0.38,0.29,0.06,0.1,0.05,0.06,43,1.78,15,48,,,,,,,,
P014,Impaired,Teleport,3,1,1.4,0.55,1,0.38,1.75,0.7,0.55,0.63,0.25,0.18,0.48,0.38,0.34,0.95,0.07,0.13,23,1.88,17,52,,,,,,,,
P014,Impaired,Throw,3,2,1.45,0.58,1.2,0.45,2.4,0.95,0.6,0.7,0.3,0.24,0.4,0.34,0.13,0.24,0.48,1,25,1.95,18,56,,,,,,,,
P015,Impaired,Astral,1,1,0.85,0.3,1.1,0.36,0.05,0.02,0.43,0.28,2.2,0.72,0,0,0.06,0,0.04,0,19,0.95,13,23,,,,,,,,
P015,Impaired,Chicken,1,2,1.65,0.65,0.55,0.24,0.05,0.02,0.52,0.3,0.09,0.09,0,0,0,0,0,0,0,1,11,21,,,,,,,,
P015,Impaired,Grab,2,1,1.05,0.4,2.5,0.9,0.1,0.04,0.68,0.32,0.2,0.15,0,0,0.82,0,0.22,0,5,1.05,14,27,,,,,,,,
P015,Impaired,Sliding,2,2,1.25,0.52,0.95,0.32,0.08,0.03,0.53,0.32,0.28,0.22,0,0,0.06,0,0.05,0,36,0.98,13,24,,,,,,,,
P015,Impaired,Teleport,3,1,1.2,0.48,1.55,0.62,0.08,0.03,0.58,0.32,0.4,0.32,0,0,0.88,0,0.12,0,18,1.05,15,29,,,,,,,,
P015,Impaired,Throw,3,2,1.25,0.5,2.4,0.95,0.1,0.04,0.7,0.35,0.34,0.27,0,0,0.18,0,0.94,0,20,1.12,17,33,,,,,,,,
P016,Impaired,Astral,1,1,0.9,0.32,0.2,0.08,1,0.35,0.3,0.42,0.1,0.05,2.1,0.7,0.02,0.05,0.01,0.03,20,0.88,13,21,,,,,,,,
P016,Impaired,Chicken,1,2,1.7,0.65,0.25,0.12,0.5,0.22,0.42,0.53,0.04,0.04,0.08,0.08,0,0,0,0,0,0.93,11,19,,,,,,,,
P016,Impaired,Grab,2,1,1.1,0.42,0.5,0.25,2.6,0.85,0.45,0.66,0.08,0.06,0.18,0.14,0.1,0.8,0.05,0.2,6,1.02,14,27,,,,,,,,
P016,Impaired,Sliding,2,2,1.3,0.52,0.3,0.15,1.05,0.34,0.42,0.54,0.08,0.06,0.3,0.22,0.02,0.06,0.02,0.05,37,0.9,13,23,,,,,,,,
P016,Impaired,Teleport,3,1,1.25,0.5,0.3,0.12,1.6,0.62,0.45,0.6,0.12,0.08,0.38,0.3,0.1,0.85,0.04,0.12,18,0.98,15,29,,,,,,,,
P016,Impaired,Throw,3,2,1.3,0.54,0.45,0.2,2.3,0.95,0.5,0.68,0.12,0.1,0.32,0.26,0.06,0.18,0.2,0.9,20,1.08,17,31,,,,,,,,
P017,Impaired,Astral,1,1,0.8,0.3,0.35,0.13,0.8,0.3,0.38,0.4,0.18,0.09,1.7,0.6,0.03,0.06,0.02,0.03,16,0.95,12,21,,,,,,,,
P017,Impaired,Chicken,1,2,1.6,0.6,0.35,0.18,0.35,0.18,0.48,0.48,0.08,0.08,0.08,0.08,0,0,0,0,0,1,11,20,,,,,,,,
P017,Impaired,Grab,2,1,1.05,0.4,1.8,0.6,2,0.65,0.58,0.6,0.18,0.13,0.18,0.13,0.6,0.68,0.15,0.18,4,1.05,13,25,,,,,,,,
P017,Impaired,Sliding,2,2,1.25,0.5,0.65,0.22,0.9,0.32,0.5,0.53,0.08,0.08,0.25,0.2,0.04,0.06,0.04,0.04,30,1,12,23,,,,,,,,
P017,Impaired,Teleport,3,1,1.15,0.45,0.75,0.28,1.3,0.52,0.5,0.55,0.18,0.14,0.32,0.28,0.25,0.7,0.05,0.08,15,1.05,14,27,,,,,,,,
P017,Impaired,Throw,3,2,1.2,0.48,0.95,0.36,2,0.8,0.55,0.65,0.25,0.2,0.32,0.26,0.12,0.18,0.35,0.75,17,1.1,16,29,,,,,,,,
P018,Impaired,Astral,1,1,0.9,0.32,0.3,0.1,0.6,0.22,0.36,0.38,0.1,0.05,1.4,0.5,0.02,0.04,0.01,0.02,14,1.1,11,22,,,,,,,,
P018,Impaired,Chicken,1,2,1.8,0.7,0.3,0.16,0.3,0.16,0.5,0.5,0.06,0.06,0.06,0.06,0,0,0,0,0,1.2,10,22,,,,,,,,
P018,Impaired,Grab,2,1,1.15,0.42,1.5,0.5,1.7,0.55,0.56,0.58,0.15,0.12,0.15,0.12,0.4,0.45,0.1,0.12,4,1.25,12,27,,,,,,,,
P018,Impaired,Sliding,2,2,1.35,0.55,0.55,0.2,0.8,0.28,0.5,0.52,0.06,0.06,0.22,0.18,0.03,0.05,0.03,0.03,28,1.15,11,25,,,,,,,,
P018,Impaired,Teleport,3,1,1.25,0.5,0.65,0.24,1.1,0.45,0.5,0.55,0.15,0.12,0.28,0.24,0.18,0.55,0.04,0.06,14,1.22,13,28,,,,,,,,
P018,Impaired,Throw,3,2,1.3,0.52,0.85,0.32,1.8,0.78,0.55,0.65,0.22,0.18,0.3,0.25,0.1,0.15,0.3,0.65,16,1.3,15,30,,,,,,,,
P019,Impaired,Astral,1,1,1.05,0.37,0.55,0.2,1.2,0.4,0.47,0.5,0.28,0.13,2.3,0.78,0.06,0.12,0.03,0.05,25,1.8,15,44,,,,,,,,
P019,Impaired,Chicken,1,2,1.95,0.75,0.5,0.24,0.5,0.24,0.58,0.58,0.14,0.11,0.14,0.11,0,0,0,0,0,1.85,14,46,,,,,,,,
P019,Impaired,Grab,2,1,1.3,0.48,2.3,0.78,2.6,0.85,0.68,0.7,0.28,0.18,0.28,0.18,0.82,0.9,0.24,0.28,9,1.9,16,50,,,,,,,,
P019,Impaired,Sliding,2,2,1.45,0.58,0.85,0.3,1.1,0.4,0.57,0.61,0.14,0.12,0.38,0.29,0.06,0.1,0.05,0.06,43,1.78,15,48,,,,,,,,
P019,Impaired,Teleport,3,1,1.4,0.55,1,0.38,1.75,0.7,0.55,0.63,0.25,0.18,0.48,0.38,0.34,0.95,0.07,0.13,23,1.88,17,52,,,,,,,,
P019,Impaired,Throw,3,2,1.45,0.58,1.2,0.45,2.4,0.95,0.6,0.7,0.3,0.24,0.4,0.34,0.13,0.24,0.48,1,25,1.95,18,56,,,,,,,,
P020,Impaired,Astral,1,1,0.9,0.32,1,0.35,0.2,0.08,0.42,0.3,2.1,0.7,0.1,0.05,0.05,0.02,0.03,0.01,20,0.9,13,22,,,,,,,,
P020,Impaired,Chicken,1,2,1.7,0.65,0.5,0.22,0.25,0.12,0.53,0.42,0.08,0.08,0.04,0.04,0,0,0,0,0,0.95,11,20,,,,,,,,
P020,Impaired,Grab,2,1,1.1,0.42,2.6,0.85,0.5,0.25,0.66,0.45,0.18,0.14,0.08,0.06,0.8,0.1,0.2,0.05,6,1.05,14,28,,,,,,,,
P020,Impaired,Sliding,2,2,1.3,0.52,1.05,0.34,0.3,0.15,0.54,0.42,0.3,0.22,0.08,0.06,0.06,0.02,0.05,0.02,38,0.92,13,24,,,,,,,,
P020,Impaired,Teleport,3,1,1.25,0.5,1.6,0.62,0.3,0.12,0.6,0.45,0.38,0.3,0.12,0.08,0.85,0.1,0.12,0.04,18,1,15,30,,,,,,,,
P020,Impaired,Throw,3,2,1.3,0.54,2.3,0.95,0.45,0.2,0.68,0.5,0.32,0.26,0.12,0.1,0.18,0.06,0.9,0.2,20,1.1,17,32,,,,,,,,
P021,Impaired,Astral,1,1,0.95,0.35,0.8,0.3,0.8,0.3,0.43,0.43,0.8,0.28,0.8,0.28,0.02,0.02,0.02,0.02,18,1,13,25,18.6,,,,,,,
P021,Impaired,Chicken,1,2,2.05,0.82,0.4,0.2,0.4,0.2,0.51,0.51,0.03,0.03,0.03,0.03,0,0,0,0,0,1,11,22,17.6,,,,,,,
P021,Impaired,Grab,2,1,1.21,0.45,2.2,0.8,2.2,0.8,0.67,0.67,0.08,0.06,0.08,0.06,0.32,0.32,0.09,0.09,6,1.3,14,36,16.2,,,,,,,
P021,Impaired,Sliding,2,2,1.57,0.63,0.8,0.3,0.8,0.3,0.54,0.54,0.08,0.07,0.08,0.07,0.02,0.02,0.02,0.02,32,1,13,32,22,,,,,,,
P021,Impaired,Teleport,3,1,1.31,0.53,1.2,0.6,1.2,0.6,0.57,0.57,0.1,0.08,0.1,0.08,0.34,0.34,0.04,0.04,16,1.2,15,32,15.6,,,,,,,
P021,Impaired,Throw,3,2,1.37,0.57,2,0.9,2,0.9,0.61,0.61,0.12,0.1,0.12,0.1,0.07,0.07,0.36,0.36,18,1.3,17,35,25,,,,,,,
P022,Impaired,Astral,1,1,0.9,0.33,0.8,0.3,0.8,0.3,0.42,0.42,2,0.7,2,0.7,0.05,0.05,0.04,0.04,24,1.4,14,40,13.9,,,,,,,
P022,Impaired,Chicken,1,2,1.95,0.78,0.4,0.2,0.4,0.2,0.5,0.5,0.08,0.08,0.08,0.08,0,0,0,0,0,1.4,12,35,21.1,,,,,,,
P022,Impaired,Grab,2,1,1.15,0.43,2.2,0.8,2.2,0.8,0.65,0.65,0.2,0.15,0.2,0.15,0.8,0.8,0.22,0.22,9,1.82,15,58,15.1,,,,,,,
P022,Impaired,Sliding,2,2,1.49,0.6,0.8,0.3,0.8,0.3,0.53,0.53,0.2,0.17,0.2,0.17,0.06,0.06,0.05,0.05,44,1.4,14,52,17.6,,,,,,,
P022,Impaired,Teleport,3,1,1.25,0.5,1.2,0.6,1.2,0.6,0.56,0.56,0.25,0.2,0.25,0.2,0.85,0.85,0.1,0.1,22,1.68,16,52,22.8,,,,,,,
P022,Impaired,Throw,3,2,1.3,0.54,2,0.9,2,0.9,0.6,0.6,0.3,0.24,0.3,0.24,0.18,0.18,0.9,0.9,24,1.82,18,56,28.1,,,,,,,
P023,Impaired,Astral,1,1,1.04,0.38,0.52,0.2,0.52,0.2,0.38,0.38,1.6,0.56,1.6,0.56,0.04,0.04,0.03,0.03,20,1.2,14,31,12.8,,,,,,,
P023,Impaired,Chicken,1,2,2.25,0.9,0.26,0.13,0.26,0.13,0.47,0.47,0.08,0.08,0.08,0.08,0,0,0,0,0,1.2,13,31,31.7,,,,,,,
P023,Impaired,Grab,2,1,1.32,0.49,1.43,0.52,1.43,0.52,0.64,0.64,0.16,0.12,0.16,0.12,0.64,0.64,0.18,0.18,7,1.56,15,45,27,,,,,,,
P023,Impaired,Sliding,2,2,1.72,0.67,0.52,0.2,0.52,0.2,0.52,0.52,0.16,0.14,0.16,0.14,0.05,0.05,0.04,0.04,36,1.2,13,37,16.1,,,,,,,
P023,Impaired,Teleport,3,1,1.44,0.58,0.78,0.39,0.78,0.39,0.54,0.54,0.2,0.16,0.2,0.16,0.68,0.68,0.08,0.08,18,1.44,16,42,19.2,,,,,,,
P023,Impaired,Throw,3,2,1.5,0.61,1.43,0.58,1.43,0.58,0.58,0.58,0.24,0.19,0.24,0.19,0.14,0.14,0.72,0.72,20,1.56,18,46,34.3,,,,,,,
P024,Impaired,Astral,1,1,0.9,0.33,0.8,0.3,0.8,0.3,0.42,0.42,2,0.7,2,0.7,0.05,0.05,0.04,0.04,24,1.6,14,43,15.1,,,,,,,
P024,Impaired,Chicken,1,2,1.7,0.68,0.4,0.2,0.4,0.2,0.5,0.5,0.08,0.08,0.08,0.08,0,0,0,0,0,1.6,13,38,22.9,,,,,,,
P024,Impaired,Grab,2,1,1.15,0.43,2.2,0.8,2.2,0.8,0.65,0.65,0.2,0.15,0.2,0.15,0.8,0.8,0.22,0.22,9,2.08,16,68,16.2,,,,,,,
P024,Impaired,Sliding,2,2,1.3,0.52,0.8,0.3,0.8,0.3,0.53,0.53,0.2,0.17,0.2,0.17,0.06,0.06,0.05,0.05,44,1.6,14,58,19.1,,,,,,,
P024,Impaired,Teleport,3,1,1.25,0.5,1.2,0.6,1.2,0.6,0.56,0.56,0.25,0.2,0.25,0.2,0.85,0.85,0.1,0.1,22,1.92,17,66,20.4,,,,,,,
P024,Impaired,Throw,3,2,1.3,0.54,2,0.9,2,0.9,0.6,0.6,0.3,0.24,0.3,0.24,0.18,0.18,0.9,0.9,24,2.08,19,72,26.5,,,,,,,
P025,Impaired,Astral,1,1,0.99,0.36,0.2,0.08,0.88,0.33,0.35,0.47,0.6,0.21,2,0.7,0.02,0.05,0.02,0.04,23,1.5,14,43,15.1,,,,,,,
P025,Impaired,Chicken,1,2,2.16,0.86,0.1,0.05,0.44,0.22,0.46,0.53,0.02,0.02,0.08,0.08,0,0,0,0,0,1.5,13,39,31.7,,,,,,,
P025,Impaired,Grab,2,1,1.29,0.46,0.55,0.2,2.64,0.88,0.52,0.69,0.06,0.04,0.2,0.15,0.24,0.8,0.07,0.22,8,1.95,16,73,15.1,,,,,,,
P025,Impaired,Sliding,2,2,1.69,0.68,0.2,0.08,0.88,0.33,0.47,0.56,0.06,0.05,0.16,0.14,0.01,0.04,0.02,0.05,41,1.5,14,53,26.4,,,,,,,
P025,Impaired,Teleport,3,1,1.38,0.55,0.3,0.15,1.32,0.66,0.38,0.62,0.08,0.06,0.25,0.2,0.26,0.85,0.03,0.1,22,1.8,16,58,16.8,,,,,,,
P025,Impaired,Throw,3,2,1.43,0.58,0.88,0.35,2.64,1.14,0.42,0.74,0.09,0.07,0.3,0.24,0.07,0.18,0.45,0.95,24,1.95,18,70,21.8,,,,,,,
P026,Impaired,Astral,1,1,0.72,0.26,0.8,0.3,0.8,0.3,0.38,0.38,2,0.7,2,0.7,0.05,0.05,0.04,0.04,22,1.2,13,34,12.2,,,,,,,
P026,Impaired,Chicken,1,2,1.56,0.63,0.4,0.2,0.4,0.2,0.45,0.45,0.08,0.08,0.08,0.08,0,0,0,0,0,1.8,13,42,44,,,,,,,
P026,Impaired,Grab,2,1,0.92,0.34,2.2,0.8,2.2,0.8,0.61,0.61,0.2,0.15,0.2,0.15,0.8,0.8,0.22,0.22,8,1.56,15,49,11.3,,,,,,,
P026,Impaired,Sliding,2,2,1.3,0.52,0.8,0.3,0.8,0.3,0.48,0.48,0.2,0.17,0.2,0.17,0.06,0.06,0.05,0.05,40,1.8,15,62,36.7,,,,,,,
P026,Impaired,Teleport,3,1,1,0.4,1.2,0.6,1.2,0.6,0.48,0.48,0.25,0.2,0.25,0.2,0.85,0.85,0.1,0.1,20,1.44,16,43,12.6,,,,,,,
P026,Impaired,Throw,3,2,1.04,0.42,2,0.9,2,0.9,0.51,0.51,0.3,0.24,0.3,0.24,0.18,0.18,0.9,0.9,22,1.56,18,47,16.4,,,,,,,
P027,Impaired,Astral,1,1,1.02,0.37,0.56,0.21,0.56,0.21,0.41,0.41,1.8,0.63,1.8,0.63,0.04,0.04,0.04,0.04,18,1.1,13,27,12.8,,,,,,,
P027,Impaired,Chicken,1,2,2.34,0.94,0.28,0.14,0.28,0.14,0.51,0.51,0.07,0.07,0.07,0.07,0,0,0,0,0,1.1,12,24,19.4,,,,,,,
P027,Impaired,Grab,2,1,1.36,0.54,1.54,0.56,1.54,0.56,0.71,0.71,0.18,0.13,0.18,0.13,0.72,0.72,0.2,0.2,7,1.43,15,41,19.4,,,,,,,
P027,Impaired,Sliding,2,2,1.82,0.73,0.56,0.21,0.56,0.21,0.56,0.56,0.18,0.15,0.18,0.15,0.05,0.05,0.05,0.05,34,1.1,13,36,16.1,,,,,,,
P027,Impaired,Teleport,3,1,1.54,0.62,0.84,0.42,0.84,0.42,0.58,0.58,0.23,0.18,0.23,0.18,0.77,0.77,0.09,0.09,17,1.32,16,42,16.8,,,,,,,
P027,Impaired,Throw,3,2,1.61,0.65,1.54,0.63,1.54,0.63,0.62,0.62,0.27,0.22,0.27,0.22,0.16,0.16,0.82,0.82,19,1.43,18,46,29.6,,,,,,,
P028,Impaired,Astral,1,1,0.9,0.33,0.8,0.3,0.76,0.29,0.42,0.41,2,0.7,0.7,0.25,0.05,0.02,0.04,0.01,17,1.1,13,27,12.8,,,,,,,
P028,Impaired,Chicken,1,2,1.7,0.68,0.4,0.2,0.38,0.19,0.5,0.49,0.08,0.08,0.03,0.03,0,0,0,0,0,1.1,12,24,17.6,,,,,,,
P028,Impaired,Grab,2,1,1.15,0.43,2.2,0.8,2.09,0.76,0.65,0.64,0.2,0.15,0.07,0.05,0.8,0.29,0.22,0.08,6,1.43,15,43,15.1,,,,,,,
P028,Impaired,Sliding,2,2,1.3,0.52,0.8,0.3,0.76,0.29,0.53,0.52,0.2,0.17,0.07,0.06,0.06,0.02,0.05,0.02,31,1.1,13,35,16.1,,,,,,,
P028,Impaired,Teleport,3,1,1.25,0.5,1.2,0.6,1.14,0.57,0.56,0.55,0.25,0.2,0.09,0.07,0.85,0.3,0.1,0.04,16,1.32,15,41,13.2,,,,,,,
P028,Impaired,Throw,3,2,1.3,0.54,2,0.9,1.9,0.86,0.6,0.59,0.3,0.24,0.11,0.09,0.18,0.06,0.9,0.32,18,1.43,17,45,21.8,,,,,,,
P029,Impaired,Astral,1,1,0.99,0.36,0.36,0.14,0.96,0.36,0.35,0.48,1.8,0.63,2,0.7,0.02,0.05,0.02,0.04,22,1.5,14,42,16.2,,,,,,,
P029,Impaired,Chicken,1,2,2.16,0.86,0.18,0.09,0.48,0.24,0.46,0.54,0.07,0.07,0.08,0.08,0,0,0,0,0,1.7,13,45,26.4,,,,,,,
P029,Impaired,Grab,2,1,1.29,0.46,0.99,0.36,2.64,0.88,0.52,0.7,0.09,0.07,0.2,0.15,0.36,0.8,0.1,0.22,8,1.95,16,73,17.3,,,,,,,
P029,Impaired,Sliding,2,2,1.69,0.68,0.36,0.14,0.96,0.36,0.47,0.57,0.09,0.08,0.16,0.14,0.02,0.05,0.02,0.05,41,1.7,14,58,22,,,,,,,
P029,Impaired,Teleport,3,1,1.38,0.55,0.54,0.27,1.44,0.72,0.38,0.63,0.14,0.11,0.25,0.2,0.38,0.85,0.04,0.1,22,1.8,16,59,16.8,,,,,,,
P029,Impaired,Throw,3,2,1.43,0.58,1.08,0.43,2.88,1.3,0.42,0.76,0.16,0.13,0.3,0.24,0.11,0.18,0.48,0.95,24,1.95,18,71,25,,,,,,,
P030,Impaired,Astral,1,1,0.9,0.33,0.7,0.25,0.75,0.26,0.42,0.44,1.9,0.68,0.2,0.08,0.05,0.05,0.03,0.03,20,1.35,13,30,18.6,,,,,,,
P030,Impaired,Chicken,1,2,1.85,0.72,0.45,0.22,0.48,0.22,0.55,0.55,0.08,0.08,0.08,0.08,0,0,0,0,0,1.4,12,32,40.5,,,,,,,
P030,Impaired,Grab,2,1,1.25,0.48,2,0.72,2.1,0.75,0.64,0.66,0.22,0.16,0.22,0.16,0.72,0.72,0.2,0.22,8,1.55,15,42,17.3,,,,,,,
P030,Impaired,Sliding,2,2,1.4,0.58,0.8,0.28,0.9,0.3,0.56,0.58,0.16,0.12,0.34,0.26,0.06,0.08,0.05,0.05,40,1.42,14,40,26.4,,,,,,,
P030,Impaired,Teleport,3,1,1.34,0.55,0.9,0.34,1.5,0.58,0.54,0.6,0.24,0.18,0.44,0.34,0.34,0.88,0.08,0.12,21,1.52,16,44,22.8,,,,,,,
P030,Impaired,Throw,3,2,1.4,0.58,1.1,0.4,2.25,0.92,0.58,0.66,0.28,0.22,0.38,0.32,0.14,0.22,0.5,0.96,23,1.6,18,48,29.6,,,,,,,
P031,Impaired,Astral,1,1,0.8,0.3,0.55,0.2,0.55,0.2,0.38,0.38,1.8,0.64,0.18,0.07,0.04,0.04,0.03,0.03,18,1.05,13,22,12.8,,,,,,,
P031,Impaired,Chicken,1,2,1.6,0.62,0.35,0.16,0.35,0.16,0.48,0.48,0.06,0.06,0.06,0.06,0,0,0,0,0,1.08,12,21,19.4,,,,,,,
P031,Impaired,Grab,2,1,1.05,0.4,1.65,0.58,1.65,0.58,0.56,0.56,0.18,0.13,0.18,0.13,0.6,0.6,0.18,0.18,6,1.12,14,28,15.1,,,,,,,
P031,Impaired,Sliding,2,2,1.2,0.48,0.65,0.24,0.75,0.26,0.5,0.5,0.12,0.1,0.28,0.22,0.05,0.06,0.04,0.04,32,1.08,13,26,16.1,,,,,,,
P031,Impaired,Teleport,3,1,1.18,0.46,0.8,0.3,1.25,0.5,0.5,0.52,0.2,0.14,0.36,0.28,0.3,0.7,0.06,0.09,17,1.12,15,29,15.6,,,,,,,
P031,Impaired,Throw,3,2,1.22,0.48,1,0.36,1.9,0.82,0.54,0.58,0.26,0.2,0.34,0.26,0.12,0.18,0.42,0.8,19,1.18,16,31,21.8,,,,,,,
P032,Impaired,Astral,1,1,0.86,0.31,0.78,0.29,0.7,0.26,0.4,0.42,1.95,0.7,0.12,0.05,0.06,0.03,0.04,0.02,19,1.15,13,24,11.6,,,,,,,
P032,Impaired,Chicken,1,2,1.7,0.68,0.42,0.2,0.4,0.18,0.5,0.48,0.08,0.08,0.04,0.04,0,0,0,0,0,1.18,12,23,17.6,,,,,,,
P032,Impaired,Grab,2,1,1.18,0.45,1.9,0.66,1.6,0.55,0.6,0.58,0.18,0.13,0.1,0.07,0.72,0.4,0.2,0.12,6,1.25,14,30,11.9,,,,,,,
P032,Impaired,Sliding,2,2,1.32,0.52,0.72,0.26,0.8,0.28,0.52,0.5,0.12,0.1,0.2,0.15,0.05,0.04,0.04,0.03,34,1.2,13,28,14.7,,,,,,,
P032,Impaired,Teleport,3,1,1.26,0.5,0.88,0.32,1.35,0.52,0.52,0.52,0.2,0.15,0.26,0.2,0.34,0.55,0.08,0.08,18,1.3,15,32,13.2,,,,,,,
P032,Impaired,Throw,3,2,1.3,0.52,1.08,0.4,2.05,0.88,0.56,0.58,0.26,0.2,0.28,0.22,0.14,0.16,0.46,0.6,20,1.32,16,34,18.7,,,,,,,
P033,Impaired,Astral,1,1,0.82,0.3,0.7,0.26,0.7,0.26,0.4,0.4,1.85,0.66,0.18,0.07,0.02,0.02,0.02,0.02,18,1.1,13,23,15.1,,,,,,,
P033,Impaired,Chicken,1,2,1.65,0.65,0.4,0.18,0.4,0.18,0.48,0.48,0.08,0.08,0.08,0.08,0,0,0,0,0,1.12,12,22,26.4,,,,,,,
P033,Impaired,Grab,2,1,1.12,0.42,1.7,0.6,1.7,0.6,0.56,0.56,0.18,0.13,0.18,0.13,0.3,0.3,0.1,0.1,6,1.2,14,29,18.4,,,,,,,
P033,Impaired,Sliding,2,2,1.28,0.5,0.7,0.24,0.75,0.26,0.5,0.5,0.12,0.1,0.28,0.22,0.03,0.03,0.03,0.03,34,1.15,13,27,19.1,,,,,,,
P033,Impaired,Teleport,3,1,1.22,0.48,0.85,0.3,1.3,0.5,0.5,0.52,0.2,0.14,0.36,0.28,0.25,0.25,0.06,0.06,18,1.22,15,31,15.6,,,,,,,
P033,Impaired,Throw,3,2,1.26,0.5,1.05,0.36,2,0.85,0.54,0.56,0.26,0.2,0.34,0.26,0.08,0.08,0.36,0.36,20,1.25,16,33,26.5,,,,,,,
P034,Impaired,Astral,1,1,0.88,0.32,0.4,0.14,0.9,0.34,0.32,0.46,1.9,0.68,0.18,0.07,0.03,0.06,0.02,0.04,19,1.1,13,25,22,,,,,,,
P034,Impaired,Chicken,1,2,1.7,0.68,0.32,0.16,0.5,0.24,0.44,0.54,0.08,0.08,0.08,0.08,0,0,0,0,0,1.15,12,24,33.4,,,,,,,
P034,Impaired,Grab,2,1,1.15,0.45,0.95,0.36,2.1,0.78,0.5,0.68,0.12,0.09,0.2,0.16,0.45,0.8,0.12,0.22,7,1.2,14,31,20.5,,,,,,,
P034,Impaired,Sliding,2,2,1.3,0.52,0.55,0.2,0.9,0.32,0.46,0.58,0.12,0.1,0.3,0.24,0.03,0.06,0.03,0.04,35,1.12,13,28,27.9,,,,,,,
P034,Impaired,Teleport,3,1,1.24,0.5,0.7,0.26,1.6,0.65,0.46,0.6,0.18,0.14,0.4,0.3,0.3,0.9,0.04,0.12,19,1.22,15,33,22.8,,,,,,,
P034,Impaired,Throw,3,2,1.28,0.52,0.9,0.34,2.3,0.95,0.5,0.7,0.24,0.2,0.36,0.3,0.1,0.22,0.44,0.96,21,1.3,16,35,29.6,,,,,,,
P035,Impaired,Astral,1,1,0.92,0.34,0.8,0.3,0.8,0.3,0.42,0.42,2,0.7,0.2,0.08,0.06,0.06,0.04,0.04,20,1.3,13,30,19.7,,,,,,,
P035,Impaired,Chicken,1,2,1.8,0.72,0.48,0.24,0.48,0.24,0.52,0.52,0.08,0.08,0.08,0.08,0,0,0,0,0,1.32,12,29,17.6,,,,,,,
P035,Impaired,Grab,2,1,1.25,0.48,2,0.7,2,0.7,0.62,0.62,0.22,0.16,0.22,0.16,0.75,0.75,0.22,0.22,7,1.38,15,34,18.4,,,,,,,
P035,Impaired,Sliding,2,2,1.4,0.58,0.8,0.28,0.9,0.3,0.54,0.54,0.14,0.12,0.32,0.25,0.06,0.08,0.05,0.05,38,1.35,14,32,24.9,,,,,,,
P035,Impaired,Teleport,3,1,1.35,0.55,0.95,0.35,1.5,0.6,0.54,0.56,0.24,0.18,0.42,0.32,0.34,0.84,0.08,0.12,21,1.4,16,36,18,,,,,,,
P035,Impaired,Throw,3,2,1.4,0.58,1.15,0.42,2.2,0.9,0.58,0.6,0.3,0.24,0.38,0.3,0.14,0.22,0.48,0.88,23,1.45,17,38,23.4,,,,,,,
P036,Impaired,Astral,1,1,0.86,0.31,0.45,0.16,0.8,0.3,0.36,0.42,1.9,0.68,0.18,0.07,0.04,0.06,0.03,0.04,18,1.05,13,24,20.9,,,,,,,
P036,Impaired,Chicken,1,2,1.7,0.68,0.32,0.16,0.48,0.24,0.46,0.52,0.08,0.08,0.08,0.08,0,0,0,0,0,1.1,12,23,52.8,,,,,,,
P036,Impaired,Grab,2,1,1.12,0.42,1.3,0.48,2.1,0.78,0.52,0.66,0.16,0.12,0.2,0.16,0.55,0.8,0.16,0.24,7,1.18,14,31,28.1,,,,,,,
P036,Impaired,Sliding,2,2,1.28,0.5,0.6,0.22,0.95,0.32,0.5,0.58,0.12,0.1,0.3,0.24,0.04,0.06,0.04,0.05,34,1.12,13,28,29.3,,,,,,,
P036,Impaired,Teleport,3,1,1.22,0.48,0.75,0.28,1.5,0.6,0.48,0.6,0.18,0.14,0.4,0.3,0.3,0.88,0.06,0.12,19,1.2,15,33,21.6,,,,,,,
P036,Impaired,Throw,3,2,1.26,0.5,0.95,0.36,2.25,0.92,0.52,0.68,0.24,0.2,0.36,0.3,0.12,0.2,0.44,0.96,21,1.25,16,35,40.6,,,,,,,
P037,Impaired,Astral,1,1,1,0.36,0.9,0.34,0.9,0.34,0.46,0.46,2.1,0.72,0.24,0.1,0.07,0.07,0.05,0.05,22,1.7,14,38,18.6,,,,,,,
P037,Impaired,Chicken,1,2,2.1,0.82,0.55,0.26,0.55,0.26,0.6,0.6,0.1,0.1,0.1,0.1,0,0,0,0,0,1.8,13,40,28.2,,,,,,,
P037,Impaired,Grab,2,1,1.4,0.5,2.6,0.9,2.6,0.9,0.7,0.7,0.26,0.18,0.26,0.18,0.82,0.82,0.26,0.26,9,1.9,16,48,21.6,,,,,,,
P037,Impaired,Sliding,2,2,1.6,0.62,1,0.35,1.05,0.36,0.6,0.6,0.18,0.13,0.36,0.28,0.07,0.09,0.06,0.06,44,1.82,15,46,23.5,,,,,,,
P037,Impaired,Teleport,3,1,1.5,0.58,1.1,0.4,1.7,0.68,0.58,0.62,0.26,0.18,0.46,0.36,0.36,0.95,0.09,0.13,23,1.92,17,50,30,,,,,,,
P037,Impaired,Throw,3,2,1.56,0.6,1.3,0.48,2.4,0.98,0.62,0.7,0.32,0.24,0.4,0.32,0.18,0.26,0.52,1,25,2,19,54,39,,,,,,,
P038,Impaired,Astral,1,1,0.98,0.35,0.85,0.32,0.85,0.32,0.46,0.46,2.05,0.7,0.22,0.09,0.06,0.06,0.04,0.04,21,1.55,14,36,17.4,,,,,,,
P038,Impaired,Chicken,1,2,2,0.78,0.5,0.24,0.5,0.24,0.58,0.58,0.09,0.09,0.09,0.09,0,0,0,0,0,1.7,13,38,19.4,,,,,,,
P038,Impaired,Grab,2,1,1.32,0.48,2.3,0.82,2.3,0.82,0.68,0.68,0.24,0.17,0.24,0.17,0.78,0.78,0.24,0.24,8,1.78,16,46,20.5,,,,,,,
P038,Impaired,Sliding,2,2,1.52,0.6,0.95,0.34,1,0.35,0.58,0.58,0.16,0.12,0.34,0.26,0.06,0.08,0.05,0.05,42,1.72,15,44,22,,,,,,,
P038,Impaired,Teleport,3,1,1.44,0.55,1.05,0.38,1.65,0.65,0.56,0.6,0.24,0.18,0.44,0.34,0.34,0.9,0.08,0.12,22,1.8,17,48,18,,,,,,,
P038,Impaired,Throw,3,2,1.5,0.58,1.25,0.46,2.35,0.95,0.6,0.68,0.3,0.24,0.4,0.32,0.16,0.24,0.5,0.96,24,1.88,18,52,29.6,,,,,,,
P039,Impaired,Astral,1,1,0.88,0.32,0.95,0.34,0.5,0.18,0.42,0.34,2,0.7,0.14,0.06,0.06,0.03,0.04,0.02,19,1.05,13,24,23.2,,,,,,,
P039,Impaired,Chicken,1,2,1.7,0.68,0.5,0.22,0.35,0.16,0.52,0.44,0.08,0.08,0.06,0.06,0,0,0,0,0,1.08,12,23,35.2,,,,,,,
P039,Impaired,Grab,2,1,1.15,0.45,2.3,0.82,1.1,0.4,0.66,0.45,0.18,0.13,0.12,0.08,0.8,0.35,0.22,0.1,6,1.12,14,30,21.6,,,,,,,
P039,Impaired,Sliding,2,2,1.3,0.52,1,0.34,0.6,0.22,0.54,0.4,0.28,0.2,0.1,0.07,0.06,0.03,0.05,0.02,35,1.05,13,27,29.3,,,,,,,
P039,Impaired,Teleport,3,1,1.24,0.5,1.55,0.6,0.65,0.24,0.6,0.42,0.36,0.28,0.14,0.1,0.84,0.25,0.14,0.05,18,1.1,15,32,33.6,,,,,,,
P039,Impaired,Throw,3,2,1.28,0.52,2.25,0.9,0.8,0.28,0.68,0.48,0.3,0.24,0.14,0.1,0.2,0.08,0.9,0.28,20,1.18,17,34,43.7,,,,,,,
P040,Impaired,Astral,1,1,0.96,0.35,0.78,0.29,0.78,0.29,0.44,0.44,1.95,0.7,0.2,0.08,0.05,0.05,0.03,0.03,20,1.2,13,29,13.9,,,,,,,
P040,Impaired,Chicken,1,2,1.9,0.75,0.5,0.24,0.5,0.24,0.55,0.55,0.08,0.08,0.08,0.08,0,0,0,0,0,1.25,12,30,22.9,,,,,,,
P040,Impaired,Grab,2,1,1.28,0.48,1.9,0.66,1.9,0.66,0.62,0.62,0.22,0.16,0.22,0.16,0.68,0.68,0.2,0.2,7,1.35,15,35,13,,,,,,,
P040,Impaired,Sliding,2,2,1.42,0.58,0.8,0.28,0.85,0.3,0.56,0.56,0.14,0.12,0.32,0.25,0.06,0.08,0.05,0.05,37,1.3,14,33,19.1,,,,,,,
P040,Impaired,Teleport,3,1,1.36,0.55,0.92,0.34,1.45,0.58,0.54,0.56,0.24,0.18,0.4,0.32,0.32,0.8,0.08,0.12,21,1.38,16,37,14.4,,,,,,,
P040,Impaired,Throw,3,2,1.4,0.58,1.12,0.42,2.1,0.88,0.58,0.6,0.3,0.24,0.36,0.3,0.14,0.2,0.46,0.86,23,1.42,17,39,18.7,,,,,,,
P041,Impaired,Astral,1,1,0.86,0.31,0.6,0.22,0.8,0.3,0.38,0.42,1.8,0.64,0.18,0.07,0.03,0.05,0.02,0.04,18,1.1,13,24,,,,,,,,
P041,Impaired,Chicken,1,2,1.65,0.65,0.35,0.16,0.45,0.22,0.46,0.5,0.08,0.08,0.08,0.08,0,0,0,0,0,1.12,12,23,,,,,,,,
P041,Impaired,Grab,2,1,1.12,0.42,1.4,0.5,2,0.7,0.56,0.6,0.16,0.12,0.2,0.16,0.4,0.78,0.12,0.22,6,1.2,14,30,,,,,,,,
P041,Impaired,Sliding,2,2,1.28,0.5,0.6,0.22,0.9,0.32,0.5,0.54,0.12,0.1,0.28,0.22,0.03,0.06,0.03,0.05,34,1.15,13,28,,,,,,,,
P041,Impaired,Teleport,3,1,1.22,0.48,0.75,0.28,1.45,0.58,0.48,0.56,0.18,0.14,0.4,0.3,0.28,0.85,0.06,0.12,18,1.22,15,32,,,,,,,,
P041,Impaired,Throw,3,2,1.26,0.5,0.95,0.36,2.15,0.9,0.52,0.6,0.24,0.2,0.36,0.3,0.1,0.2,0.42,0.92,20,1.28,16,34,,,,,,,,
P042,Impaired,Astral,1,1,0.84,0.3,0.6,0.22,0.6,0.22,0.4,0.4,1.8,0.64,0.18,0.07,0.04,0.04,0.03,0.03,18,1.15,13,24,,,,,,,,
P042,Impaired,Chicken,1,2,1.65,0.65,0.35,0.16,0.35,0.16,0.48,0.48,0.06,0.06,0.06,0.06,0,0,0,0,0,1.18,12,23,,,,,,,,
P042,Impaired,Grab,2,1,1.1,0.4,1.6,0.55,1.6,0.55,0.56,0.56,0.18,0.13,0.18,0.13,0.6,0.6,0.18,0.18,6,1.3,14,30,,,,,,,,
P042,Impaired,Sliding,2,2,1.26,0.5,0.7,0.24,0.7,0.24,0.5,0.5,0.12,0.1,0.28,0.22,0.05,0.05,0.04,0.04,34,1.22,13,28,,,,,,,,
P042,Impaired,Teleport,3,1,1.2,0.48,0.85,0.3,1.3,0.5,0.5,0.5,0.2,0.14,0.36,0.28,0.32,0.7,0.06,0.09,18,1.28,15,31,,,,,,,,
P042,Impaired,Throw,3,2,1.24,0.5,1.05,0.36,1.9,0.82,0.54,0.54,0.26,0.2,0.34,0.26,0.14,0.18,0.44,0.78,20,1.32,16,33,,,,,,,,
P043,Impaired,Astral,1,1,0.96,0.35,0.78,0.29,0.88,0.32,0.44,0.48,2,0.7,0.24,0.1,0.06,0.08,0.04,0.06,21,1.45,13,32,,,,,,,,
P043,Impaired,Chicken,1,2,1.95,0.78,0.5,0.24,0.55,0.26,0.56,0.6,0.1,0.1,0.1,0.1,0,0,0,0,0,1.55,12,34,,,,,,,,
P043,Impaired,Grab,2,1,1.32,0.48,2,0.72,2.3,0.82,0.66,0.7,0.24,0.18,0.28,0.2,0.78,0.85,0.24,0.28,8,1.7,15,40,,,,,,,,
P043,Impaired,Sliding,2,2,1.48,0.58,0.85,0.3,1.05,0.36,0.58,0.62,0.16,0.12,0.36,0.28,0.06,0.09,0.05,0.06,41,1.62,14,38,,,,,,,,
P043,Impaired,Teleport,3,1,1.4,0.55,0.95,0.35,1.7,0.68,0.56,0.62,0.24,0.18,0.46,0.36,0.34,0.95,0.08,0.14,22,1.75,16,44,,,,,,,,
P043,Impaired,Throw,3,2,1.46,0.58,1.2,0.44,2.4,0.98,0.6,0.7,0.3,0.24,0.4,0.32,0.16,0.26,0.52,1,24,1.82,18,48,,,,,,,,
P044,Impaired,Astral,1,1,0.84,0.3,0.65,0.24,0.65,0.24,0.4,0.4,1.8,0.64,0.18,0.07,0.05,0.05,0.03,0.03,18,1.05,13,23,,,,,,,,
P044,Impaired,Chicken,1,2,1.6,0.62,0.38,0.18,0.38,0.18,0.48,0.48,0.06,0.06,0.06,0.06,0,0,0,0,0,1.08,12,22,,,,,,,,
P044,Impaired,Grab,2,1,1.08,0.42,1.55,0.55,1.55,0.55,0.56,0.56,0.18,0.13,0.18,0.13,0.55,0.55,0.18,0.18,6,1.12,14,28,,,,,,,,
P044,Impaired,Sliding,2,2,1.22,0.48,0.68,0.24,0.68,0.24,0.5,0.5,0.12,0.1,0.28,0.22,0.04,0.04,0.04,0.04,32,1.1,13,26,,,,,,,,
P044,Impaired,Teleport,3,1,1.18,0.46,0.82,0.3,1.25,0.5,0.5,0.5,0.2,0.14,0.36,0.28,0.28,0.6,0.06,0.06,17,1.15,15,29,,,,,,,,
P044,Impaired,Throw,3,2,1.22,0.48,1.02,0.36,1.85,0.8,0.54,0.54,0.26,0.2,0.34,0.26,0.12,0.16,0.4,0.7,19,1.18,16,31,,,,,,,,
P045,Impaired,Astral,1,1,0.96,0.35,0.75,0.28,0.75,0.28,0.44,0.44,2.05,0.72,0.22,0.09,0.06,0.06,0.04,0.04,22,1.85,13,40,,,,,,,,
P045,Impaired,Chicken,1,2,1.95,0.78,0.48,0.24,0.48,0.24,0.56,0.56,0.1,0.1,0.1,0.1,0,0,0,0,0,1.95,12,42,,,,,,,,
P045,Impaired,Grab,2,1,1.32,0.48,2.05,0.72,2.05,0.72,0.66,0.66,0.24,0.18,0.24,0.18,0.78,0.78,0.24,0.24,9,2,15,52,,,,,,,,
P045,Impaired,Sliding,2,2,1.52,0.6,0.9,0.32,0.95,0.34,0.58,0.58,0.16,0.12,0.36,0.28,0.06,0.08,0.06,0.06,44,1.95,14,48,,,,,,,,
P045,Impaired,Teleport,3,1,1.44,0.55,1,0.36,1.6,0.65,0.56,0.6,0.24,0.18,0.46,0.36,0.36,0.9,0.08,0.12,24,2.05,17,56,,,,,,,,
P045,Impaired,Throw,3,2,1.5,0.58,1.22,0.44,2.3,0.95,0.6,0.68,0.3,0.24,0.42,0.34,0.18,0.26,0.54,1,26,2.1,19,60,,,,,,,,
P046,Impaired,Astral,1,1,0.98,0.35,0.9,0.34,0.9,0.34,0.44,0.44,2.1,0.72,0.22,0.09,0.04,0.04,0.03,0.03,21,1.4,13,34,,,,,,,,
P046,Impaired,Chicken,1,2,1.9,0.75,0.55,0.26,0.55,0.26,0.55,0.55,0.08,0.08,0.08,0.08,0,0,0,0,0,1.45,12,35,,,,,,,,
P046,Impaired,Grab,2,1,1.3,0.48,2.3,0.82,2.3,0.82,0.66,0.66,0.22,0.16,0.22,0.16,0.6,0.6,0.18,0.18,8,1.5,15,40,,,,,,,,
P046,Impaired,Sliding,2,2,1.48,0.58,0.95,0.34,0.95,0.34,0.58,0.58,0.16,0.12,0.34,0.26,0.05,0.06,0.05,0.05,40,1.42,14,38,,,,,,,,
P046,Impaired,Teleport,3,1,1.4,0.55,1.05,0.38,1.6,0.65,0.56,0.58,0.24,0.18,0.42,0.34,0.32,0.7,0.07,0.09,22,1.48,16,42,,,,,,,,
P046,Impaired,Throw,3,2,1.46,0.58,1.25,0.46,2.25,0.92,0.6,0.66,0.3,0.24,0.38,0.3,0.14,0.2,0.48,0.8,24,1.52,18,44,,,,,,,,
P047,Impaired,Astral,1,1,0.96,0.35,0.8,0.3,0.8,0.3,0.44,0.44,2.05,0.72,0.22,0.09,0.06,0.06,0.04,0.04,22,1.6,13,36,,,,,,,,
P047,Impaired,Chicken,1,2,1.85,0.72,0.48,0.24,0.48,0.24,0.54,0.54,0.09,0.09,0.09,0.09,0,0,0,0,0,1.65,12,37,,,,,,,,
P047,Impaired,Grab,2,1,1.3,0.48,2.05,0.72,2.05,0.72,0.66,0.66,0.24,0.18,0.24,0.18,0.78,0.78,0.24,0.24,9,1.8,15,48,,,,,,,,
P047,Impaired,Sliding,2,2,1.48,0.58,0.9,0.32,0.95,0.34,0.58,0.58,0.16,0.12,0.36,0.28,0.06,0.08,0.06,0.06,44,1.75,14,44,,,,,,,,
P047,Impaired,Teleport,3,1,1.4,0.55,1,0.36,1.55,0.62,0.56,0.6,0.24,0.18,0.46,0.36,0.36,0.88,0.08,0.12,23,1.85,17,52,,,,,,,,
P047,Impaired,Throw,3,2,1.46,0.58,1.2,0.44,2.3,0.95,0.6,0.68,0.3,0.24,0.4,0.32,0.18,0.26,0.54,0.96,25,1.92,19,56,,,,,,,,
P048,Impaired,Astral,1,1,0.84,0.3,0.15,0.06,0.95,0.34,0.32,0.46,1.9,0.68,0.05,0.02,0.02,0.06,0.01,0.04,19,1,13,23,,,,,,,,
P048,Impaired,Chicken,1,2,1.65,0.65,0.1,0.05,0.5,0.24,0.4,0.54,0.04,0.04,0.08,0.08,0,0,0,0,0,1.05,12,22,,,,,,,,
P048,Impaired,Grab,2,1,1.1,0.4,0.4,0.16,2.4,0.82,0.38,0.68,0.08,0.06,0.18,0.14,0.2,0.82,0.05,0.22,6,1.08,14,28,,,,,,,,
P048,Impaired,Sliding,2,2,1.24,0.48,0.35,0.14,1,0.34,0.4,0.58,0.1,0.08,0.3,0.24,0.02,0.06,0.02,0.05,34,1.02,13,26,,,,,,,,
P048,Impaired,Teleport,3,1,1.18,0.46,0.55,0.22,1.6,0.65,0.42,0.6,0.14,0.1,0.4,0.3,0.22,0.88,0.04,0.12,18,1.1,15,31,,,,,,,,
P048,Impaired,Throw,3,2,1.22,0.48,0.8,0.3,2.35,0.98,0.46,0.7,0.2,0.16,0.36,0.3,0.08,0.2,0.4,0.96,20,1.15,17,33,,,,,,,,
P049,Impaired,Astral,1,1,0.7,0.26,0.55,0.2,0.55,0.2,0.36,0.36,1.7,0.6,0.16,0.06,0.04,0.04,0.03,0.03,16,0.85,13,20,,,,,,,,
P049,Impaired,Chicken,1,2,1.4,0.55,0.32,0.16,0.32,0.16,0.45,0.45,0.06,0.06,0.06,0.06,0,0,0,0,0,0.88,12,19,,,,,,,,
P049,Impaired,Grab,2,1,0.98,0.38,1.4,0.5,1.4,0.5,0.52,0.52,0.18,0.13,0.18,0.13,0.55,0.55,0.18,0.18,5,0.9,14,23,,,,,,,,
P049,Impaired,Sliding,2,2,1.12,0.45,0.6,0.22,0.6,0.22,0.48,0.48,0.12,0.1,0.26,0.2,0.04,0.04,0.04,0.04,30,0.86,13,21,,,,,,,,
P049,Impaired,Teleport,3,1,1.08,0.42,0.75,0.28,1.15,0.45,0.48,0.48,0.2,0.14,0.34,0.26,0.28,0.6,0.06,0.06,16,0.92,15,24,,,,,,,,
P049,Impaired,Throw,3,2,1.12,0.45,0.95,0.36,1.8,0.78,0.52,0.54,0.26,0.2,0.32,0.26,0.12,0.16,0.4,0.7,18,0.95,16,26,,,,,,,,
P050,Impaired,Astral,1,1,0.88,0.32,0.7,0.24,0.55,0.2,0.4,0.45,1.6,0.6,2,0.72,0.05,0.04,0.03,0.02,21,1.45,13,34,,,,,,,,
P050,Impaired,Chicken,1,2,1.8,0.7,0.4,0.2,0.4,0.19,0.5,0.52,0.08,0.08,0.08,0.08,0,0,0,0,0,1.5,12,36,,,,,,,,
P050,Impaired,Grab,2,1,1.2,0.45,2.1,0.78,1.7,0.6,0.64,0.6,0.2,0.15,0.18,0.13,0.8,0.6,0.22,0.18,8,1.65,15,44,,,,,,,,
P050,Impaired,Sliding,2,2,1.35,0.55,0.78,0.28,0.7,0.26,0.56,0.58,0.18,0.15,0.32,0.24,0.05,0.05,0.05,0.04,39,1.55,14,42,,,,,,,,
P050,Impaired,Teleport,3,1,1.3,0.52,0.95,0.36,1.4,0.55,0.54,0.6,0.24,0.18,0.44,0.34,0.8,0.65,0.08,0.1,22,1.7,16,48,,,,,,,,
P050,Impaired,Throw,3,2,1.35,0.55,1.2,0.42,2,0.9,0.58,0.64,0.3,0.24,0.38,0.3,0.16,0.18,0.5,0.8,24,1.75,18,52,,,,,,,,
P051,Impaired,Astral,1,1,1,0.38,0.45,0.17,0.45,0.17,0.42,0.42,1.4,0.5,1.4,0.5,0.03,0.03,0.02,0.02,17,1.3,13,28,,,,,,,,
P051,Impaired,Chicken,1,2,2.1,0.82,0.3,0.15,0.3,0.15,0.52,0.52,0.06,0.06,0.06,0.06,0,0,0,0,0,1.35,12,30,,,,,,,,
P051,Impaired,Grab,2,1,1.2,0.45,1.2,0.42,1.2,0.42,0.56,0.56,0.16,0.12,0.16,0.12,0.45,0.45,0.14,0.14,5,1.5,14,40,,,,,,,,
P051,Impaired,Sliding,2,2,1.4,0.55,0.55,0.22,0.55,0.22,0.52,0.52,0.12,0.1,0.26,0.2,0.04,0.04,0.03,0.03,32,1.35,13,34,,,,,,,,
P051,Impaired,Teleport,3,1,1.32,0.52,0.7,0.26,0.7,0.26,0.5,0.5,0.18,0.14,0.3,0.22,0.6,0.6,0.06,0.06,17,1.55,16,42,,,,,,,,
P051,Impaired,Throw,3,2,1.36,0.54,0.9,0.32,0.9,0.32,0.52,0.52,0.24,0.2,0.28,0.22,0.1,0.1,0.55,0.55,19,1.6,18,46,,,,,,,,
P052,Impaired,Astral,1,1,0.9,0.34,0.7,0.25,0.7,0.25,0.42,0.42,1.7,0.6,1.7,0.6,0.02,0.02,0.01,0.01,19,1.2,13,27,,,,,,,,
P052,Impaired,Chicken,1,2,1.8,0.72,0.38,0.18,0.38,0.18,0.5,0.5,0.08,0.08,0.08,0.08,0,0,0,0,0,1.22,12,24,,,,,,,,
P052,Impaired,Grab,2,1,1.25,0.46,2.3,0.85,2.3,0.85,0.66,0.66,0.2,0.15,0.2,0.15,0.35,0.35,0.1,0.1,7,1.45,15,40,,,,,,,,
P052,Impaired,Sliding,2,2,1.4,0.55,0.85,0.3,0.85,0.3,0.54,0.54,0.18,0.14,0.28,0.22,0.02,0.02,0.02,0.02,36,1.25,13,32,,,,,,,,
P052,Impaired,Teleport,3,1,1.32,0.52,1.1,0.4,1.1,0.4,0.54,0.54,0.22,0.16,0.34,0.26,0.4,0.4,0.05,0.05,19,1.4,16,43,,,,,,,,
P052,Impaired,Throw,3,2,1.36,0.54,1.4,0.48,1.4,0.48,0.58,0.58,0.26,0.2,0.32,0.24,0.08,0.08,0.35,0.35,21,1.45,18,47,,,,,,,,
P053,Impaired,Astral,1,1,0.88,0.32,0.75,0.26,0.8,0.3,0.4,0.44,1.7,0.64,2,0.72,0.03,0.06,0.02,0.04,19,1.18,13,26,,,,,,,,
P053,Impaired,Chicken,1,2,1.7,0.68,0.38,0.18,0.42,0.2,0.48,0.52,0.06,0.06,0.08,0.08,0,0,0,0,0,1.2,12,24,,,,,,,,
P053,Impaired,Grab,2,1,1.18,0.44,2.1,0.8,2.3,0.85,0.62,0.68,0.18,0.13,0.22,0.16,0.35,0.8,0.12,0.24,7,1.35,15,40,,,,,,,,
P053,Impaired,Sliding,2,2,1.32,0.52,0.72,0.26,0.85,0.3,0.52,0.56,0.14,0.11,0.26,0.2,0.03,0.05,0.03,0.05,34,1.25,13,33,,,,,,,,
P053,Impaired,Teleport,3,1,1.26,0.5,0.95,0.35,1.4,0.55,0.52,0.58,0.18,0.14,0.34,0.26,0.45,0.9,0.06,0.1,20,1.42,16,45,,,,,,,,
P053,Impaired,Throw,3,2,1.3,0.52,1.2,0.42,1.95,0.82,0.56,0.62,0.24,0.18,0.38,0.3,0.08,0.16,0.4,0.9,22,1.48,18,50,,,,,,,,
P054,Impaired,Astral,1,1,0.9,0.33,0.8,0.3,0.8,0.3,0.42,0.42,1.9,0.68,1.9,0.68,0.05,0.05,0.03,0.03,22,1.5,13,38,,,,,,,,
P054,Impaired,Chicken,1,2,1.9,0.75,0.45,0.22,0.45,0.22,0.52,0.52,0.08,0.08,0.08,0.08,0,0,0,0,0,1.6,12,40,,,,,,,,
P054,Impaired,Grab,2,1,1.3,0.48,2.3,0.85,2.3,0.85,0.66,0.66,0.22,0.16,0.22,0.16,0.8,0.8,0.22,0.22,10,1.85,15,50,,,,,,,,
P054,Impaired,Sliding,2,2,1.45,0.58,0.9,0.32,0.9,0.32,0.56,0.56,0.2,0.2,0.2,0.2,0.06,0.06,0.05,0.05,42,1.7,14,48,,,,,,,,
P054,Impaired,Teleport,3,1,1.36,0.55,1.1,0.4,1.1,0.4,0.56,0.56,0.26,0.26,0.26,0.26,0.9,0.9,0.1,0.1,24,1.9,16,56,,,,,,,,
P054,Impaired,Throw,3,2,1.4,0.58,1.3,0.48,1.3,0.48,0.6,0.6,0.3,0.3,0.3,0.3,0.16,0.16,0.85,0.85,26,1.95,18,60,,,,,,,,
P055,Impaired,Astral,1,1,0.92,0.34,0.65,0.24,0.65,0.24,0.44,0.44,1.7,0.62,1.7,0.62,0.04,0.04,0.03,0.03,18,1.1,13,24,,,,,,,,
P055,Impaired,Chicken,1,2,1.85,0.72,0.38,0.18,0.38,0.18,0.5,0.5,0.06,0.06,0.06,0.06,0,0,0,0,0,1.12,12,22,,,,,,,,
P055,Impaired,Grab,2,1,1.22,0.46,1.8,0.62,1.8,0.62,0.6,0.6,0.18,0.13,0.18,0.13,0.65,0.65,0.2,0.2,6,1.25,14,30,,,,,,,,
P055,Impaired,Sliding,2,2,1.38,0.55,0.75,0.26,0.75,0.26,0.52,0.52,0.14,0.12,0.14,0.12,0.05,0.05,0.04,0.04,34,1.18,13,28,,,,,,,,
P055,Impaired,Teleport,3,1,1.3,0.52,0.9,0.32,0.9,0.32,0.52,0.52,0.22,0.16,0.22,0.16,0.75,0.75,0.08,0.08,18,1.3,16,34,,,,,,,,
P055,Impaired,Throw,3,2,1.34,0.54,1.1,0.4,1.1,0.4,0.56,0.56,0.28,0.22,0.28,0.22,0.12,0.12,0.55,0.55,20,1.35,17,36,,,,,,,,
P056,Impaired,Astral,1,1,0.7,0.25,0.45,0.16,0.45,0.16,0.34,0.34,1.4,0.5,1.4,0.5,0.03,0.03,0.02,0.02,16,0.9,13,20,,,,,,,,
P056,Impaired,Chicken,1,2,1.3,0.52,0.25,0.12,0.25,0.12,0.42,0.42,0.04,0.04,0.04,0.04,0,0,0,0,0,0.92,12,19,,,,,,,,
P056,Impaired,Grab,2,1,1,0.38,1.2,0.42,1.2,0.42,0.5,0.5,0.14,0.1,0.14,0.1,0.5,0.5,0.14,0.14,4,0.98,13,24,,,,,,,,
P056,Impaired,Sliding,2,2,1.1,0.45,0.55,0.2,0.55,0.2,0.46,0.46,0.1,0.08,0.1,0.08,0.03,0.03,0.03,0.03,28,0.9,12,22,,,,,,,,
P056,Impaired,Teleport,3,1,1.05,0.42,0.7,0.26,0.7,0.26,0.46,0.46,0.18,0.12,0.18,0.12,0.6,0.6,0.06,0.06,15,0.95,15,26,,,,,,,,
P056,Impaired,Throw,3,2,1.08,0.44,0.88,0.32,0.88,0.32,0.5,0.5,0.24,0.18,0.24,0.18,0.1,0.1,0.5,0.5,17,1,16,28,,,,,,,,
P057,Impaired,Astral,1,1,0.98,0.36,0.7,0.25,1.1,0.4,0.4,0.5,1.9,0.68,2.2,0.8,0.05,0.06,0.03,0.04,23,1.8,13,40,,,,,,,,
P057,Impaired,Chicken,1,2,2.05,0.82,0.45,0.22,0.65,0.3,0.52,0.6,0.08,0.08,0.1,0.1,0,0,0,0,0,1.9,12,46,,,,,,,,
P057,Impaired,Grab,2,1,1.4,0.5,2.1,0.78,2.9,1,0.68,0.74,0.24,0.18,0.24,0.18,0.8,0.9,0.22,0.28,10,2,15,56,,,,,,,,
P057,Impaired,Sliding,2,2,1.6,0.62,0.9,0.32,1.2,0.42,0.6,0.68,0.18,0.14,0.3,0.24,0.06,0.08,0.05,0.06,46,1.9,14,54,,,,,,,,
P057,Impaired,Teleport,3,1,1.5,0.58,1,0.36,1.6,0.65,0.58,0.68,0.26,0.18,0.38,0.28,0.8,0.95,0.1,0.12,25,2.05,16,64,,,,,,,,
P057,Impaired,Throw,3,2,1.56,0.6,1.25,0.44,2.4,1,0.62,0.72,0.3,0.22,0.4,0.3,0.16,0.2,0.52,1,27,2.1,18,70,,,,,,,,
P058,Impaired,Astral,1,1,0.94,0.34,0.8,0.3,0.8,0.3,0.42,0.42,1.9,0.68,1.9,0.68,0.05,0.05,0.04,0.04,22,1.65,13,38,,,,,,,,
P058,Impaired,Chicken,1,2,1.9,0.75,0.45,0.22,0.45,0.22,0.52,0.52,0.08,0.08,0.08,0.08,0,0,0,0,0,1.7,12,40,,,,,,,,
P058,Impaired,Grab,2,1,1.3,0.48,2.3,0.85,2.3,0.85,0.66,0.66,0.22,0.16,0.22,0.16,0.8,0.8,0.22,0.22,9,1.95,15,54,,,,,,,,
P058,Impaired,Sliding,2,2,1.45,0.58,0.9,0.32,0.9,0.32,0.56,0.56,0.2,0.2,0.2,0.2,0.06,0.06,0.05,0.05,44,1.75,14,50,,,,,,,,
P058,Impaired,Teleport,3,1,1.36,0.55,1.1,0.4,1.1,0.4,0.56,0.56,0.26,0.26,0.26,0.26,0.9,0.9,0.1,0.1,24,1.9,16,60,,,,,,,,
P058,Impaired,Throw,3,2,1.42,0.58,1.3,0.48,1.3,0.48,0.6,0.6,0.3,0.3,0.3,0.3,0.16,0.16,0.85,0.85,26,1.95,18,64,,,,,,,,
P059,Impaired,Astral,1,1,0.96,0.35,0.75,0.28,0.75,0.28,0.44,0.44,1.85,0.66,1.85,0.66,0.05,0.05,0.04,0.04,21,1.5,13,34,,,,,,,,
P059,Impaired,Chicken,1,2,1.95,0.78,0.45,0.22,0.45,0.22,0.52,0.52,0.08,0.08,0.08,0.08,0,0,0,0,0,1.55,12,36,,,,,,,,
P059,Impaired,Grab,2,1,1.28,0.48,2.1,0.78,2.1,0.78,0.62,0.62,0.22,0.16,0.22,0.16,0.78,0.78,0.22,0.22,8,1.7,15,44,,,,,,,,
P059,Impaired,Sliding,2,2,1.44,0.58,0.85,0.3,0.85,0.3,0.56,0.56,0.18,0.14,0.18,0.14,0.06,0.06,0.05,0.05,40,1.6,14,42,,,,,,,,
P059,Impaired,Teleport,3,1,1.34,0.55,1,0.36,1,0.36,0.54,0.54,0.24,0.18,0.24,0.18,0.85,0.85,0.1,0.1,22,1.72,16,48,,,,,,,,
P059,Impaired,Throw,3,2,1.4,0.58,1.2,0.44,1.2,0.44,0.58,0.58,0.28,0.22,0.28,0.22,0.14,0.14,0.8,0.8,24,1.78,18,52,,,,,,,,
P060,Impaired,Astral,1,1,0.88,0.32,0.7,0.26,0.7,0.26,0.4,0.42,1.8,0.64,1.8,0.64,0.05,0.03,0.03,0.02,19,1.1,13,24,,,,,,,,
P060,Impaired,Chicken,1,2,1.7,0.68,0.4,0.2,0.4,0.2,0.48,0.48,0.06,0.06,0.06,0.06,0,0,0,0,0,1.12,12,22,,,,,,,,
P060,Impaired,Grab,2,1,1.18,0.44,1.9,0.66,1.9,0.66,0.6,0.6,0.18,0.13,0.18,0.13,0.8,0.55,0.22,0.16,6,1.2,14,28,,,,,,,,
P060,Impaired,Sliding,2,2,1.32,0.52,0.8,0.28,0.8,0.28,0.52,0.5,0.2,0.16,0.14,0.11,0.05,0.03,0.04,0.03,32,1.18,13,26,,,,,,,,
P060,Impaired,Teleport,3,1,1.26,0.5,0.95,0.34,0.95,0.34,0.52,0.52,0.22,0.16,0.22,0.16,0.85,0.6,0.08,0.06,18,1.25,16,30,,,,,,,,
P060,Impaired,Throw,3,2,1.3,0.52,1.15,0.4,1.15,0.4,0.56,0.56,0.28,0.2,0.2,0.14,0.14,0.1,0.8,0.55,20,1.3,17,32,,,,,,,,
P061,Impaired,Astral,1,1,1.02,0.38,1,0.36,1,0.36,0.48,0.48,2.2,0.78,2.2,0.78,0.06,0.06,0.04,0.04,23,1.4,13,34,,,,,,,,
P061,Impaired,Chicken,1,2,2.2,0.88,0.6,0.28,0.6,0.28,0.58,0.58,0.1,0.1,0.1,0.1,0,0,0,0,0,1.45,12,36,,,,,,,,
P061,Impaired,Grab,2,1,1.4,0.52,2.8,1,2.8,1,0.72,0.72,0.26,0.18,0.26,0.18,0.85,0.85,0.24,0.24,9,1.6,15,42,,,,,,,,
P061,Impaired,Sliding,2,2,1.6,0.62,1.1,0.4,1.1,0.4,0.6,0.6,0.22,0.16,0.22,0.16,0.06,0.06,0.05,0.05,44,1.55,14,40,,,,,,,,
P061,Impaired,Teleport,3,1,1.5,0.6,1.4,0.5,1.4,0.5,0.58,0.58,0.3,0.22,0.3,0.22,0.9,0.9,0.1,0.1,24,1.65,16,46,,,,,,,,
P061,Impaired,Throw,3,2,1.56,0.62,1.7,0.58,1.7,0.58,0.62,0.62,0.34,0.26,0.34,0.26,0.16,0.16,0.9,0.9,26,1.7,18,50,,,,,,,,
P062,Impaired,Astral,1,1,0.9,0.33,0.7,0.26,0.7,0.26,0.4,0.4,1.6,0.58,1.6,0.58,0.03,0.03,0.02,0.02,18,1.2,13,26,,,,,,,,
P062,Impaired,Chicken,1,2,1.75,0.7,0.38,0.18,0.38,0.18,0.48,0.48,0.06,0.06,0.06,0.06,0,0,0,0,0,1.25,12,28,,,,,,,,
P062,Impaired,Grab,2,1,1.18,0.44,1.7,0.6,1.7,0.6,0.56,0.56,0.18,0.13,0.18,0.13,0.4,0.4,0.1,0.1,6,1.35,14,34,,,,,,,,
P062,Impaired,Sliding,2,2,1.34,0.54,0.8,0.28,0.8,0.28,0.52,0.52,0.16,0.12,0.16,0.12,0.03,0.03,0.03,0.03,36,1.3,13,32,,,,,,,,
P062,Impaired,Teleport,3,1,1.28,0.5,0.95,0.34,0.95,0.34,0.52,0.52,0.22,0.16,0.22,0.16,0.55,0.55,0.06,0.06,19,1.45,16,40,,,,,,,,
P062,Impaired,Throw,3,2,1.32,0.52,1.2,0.42,1.2,0.42,0.56,0.56,0.26,0.2,0.26,0.2,0.1,0.1,0.5,0.5,21,1.5,18,44,,,,,,,,
P063,Impaired,Astral,1,1,1,0.36,0.9,0.32,0.9,0.32,0.46,0.46,2.1,0.76,2.1,0.76,0.06,0.06,0.05,0.05,24,1.8,13,40,,,,,,,,
P063,Impaired,Chicken,1,2,2.05,0.82,0.5,0.24,0.5,0.24,0.6,0.6,0.1,0.1,0.1,0.1,0,0,0,0,0,1.9,12,44,,,,,,,,
P063,Impaired,Grab,2,1,1.38,0.5,2.6,0.92,2.6,0.92,0.7,0.7,0.26,0.18,0.26,0.18,0.85,0.85,0.26,0.26,10,2,15,56,,,,,,,,
P063,Impaired,Sliding,2,2,1.58,0.62,1,0.35,1,0.35,0.6,0.6,0.22,0.16,0.22,0.16,0.08,0.08,0.06,0.06,48,1.9,14,54,,,,,,,,
P063,Impaired,Teleport,3,1,1.48,0.58,1.2,0.44,1.2,0.44,0.58,0.58,0.3,0.22,0.3,0.22,0.95,0.95,0.12,0.12,26,2.05,16,64,,,,,,,,
P063,Impaired,Throw,3,2,1.54,0.6,1.45,0.52,1.45,0.52,0.62,0.62,0.34,0.26,0.34,0.26,0.18,0.18,0.95,0.95,28,2.1,18,70,,,,,,,,
P064,Impaired,Astral,1,1,0.78,0.28,0.5,0.18,0.5,0.18,0.36,0.36,1.6,0.58,1.6,0.58,0.04,0.04,0.03,0.03,17,1,13,22,,,,,,,,
P064,Impaired,Chicken,1,2,1.4,0.55,0.3,0.14,0.3,0.14,0.45,0.45,0.05,0.05,0.05,0.05,0,0,0,0,0,1.02,12,20,,,,,,,,
P064,Impaired,Grab,2,1,1.05,0.4,1.2,0.42,1.2,0.42,0.5,0.5,0.16,0.12,0.16,0.12,0.55,0.55,0.16,0.16,5,1.05,14,26,,,,,,,,
P064,Impaired,Sliding,2,2,1.18,0.46,0.6,0.22,0.6,0.22,0.48,0.48,0.12,0.1,0.24,0.18,0.04,0.04,0.04,0.04,30,1,13,24,,,,,,,,
P064,Impaired,Teleport,3,1,1.12,0.44,0.78,0.3,0.78,0.3,0.48,0.48,0.2,0.14,0.2,0.14,0.7,0.7,0.08,0.08,17,1.08,16,28,,,,,,,,
P064,Impaired,Throw,3,2,1.16,0.46,0.95,0.34,0.95,0.34,0.52,0.52,0.24,0.18,0.24,0.18,0.1,0.1,0.6,0.6,19,1.1,17,30,,,,,,,,
P065,Impaired,Astral,1,1,0.88,0.32,0.8,0.3,0.55,0.2,0.4,0.44,1.9,0.68,1.8,0.64,0.05,0.04,0.03,0.02,19,1.1,13,24,,,,,,,,
P065,Impaired,Chicken,1,2,1.75,0.7,0.42,0.2,0.3,0.15,0.48,0.46,0.06,0.06,0.06,0.06,0,0,0,0,0,1.15,12,23,,,,,,,,
P065,Impaired,Grab,2,1,1.2,0.45,2.1,0.78,1.4,0.52,0.62,0.58,0.2,0.14,0.14,0.1,0.8,0.5,0.22,0.16,7,1.22,14,30,,,,,,,,
P065,Impaired,Sliding,2,2,1.34,0.54,0.85,0.3,0.6,0.22,0.54,0.5,0.2,0.16,0.14,0.11,0.05,0.03,0.04,0.03,32,1.18,13,28,,,,,,,,
P065,Impaired,Teleport,3,1,1.28,0.5,1.05,0.38,0.8,0.28,0.52,0.56,0.22,0.16,0.16,0.12,0.85,0.6,0.08,0.06,18,1.25,16,32,,,,,,,,
P065,Impaired,Throw,3,2,1.32,0.52,1.25,0.44,0.95,0.34,0.56,0.6,0.28,0.2,0.2,0.14,0.14,0.1,0.82,0.55,20,1.3,17,34,,,,,,,,
P066,Impaired,Astral,1,1,1.05,0.38,0.8,0.3,0.8,0.3,0.46,0.46,1.9,0.68,1.9,0.68,0.05,0.05,0.04,0.04,22,1.7,13,38,,,,,,,,
P066,Impaired,Chicken,1,2,2.3,0.92,0.5,0.24,0.5,0.24,0.6,0.6,0.1,0.1,0.1,0.1,0,0,0,0,0,1.9,12,46,,,,,,,,
P066,Impaired,Grab,2,1,1.4,0.52,2.4,0.86,2.4,0.86,0.7,0.7,0.24,0.18,0.24,0.18,0.82,0.82,0.24,0.24,9,1.95,15,54,,,,,,,,
P066,Impaired,Sliding,2,2,1.7,0.65,0.95,0.34,0.95,0.34,0.62,0.62,0.2,0.16,0.2,0.16,0.08,0.08,0.06,0.06,46,1.85,14,52,,,,,,,,
P066,Impaired,Teleport,3,1,1.54,0.6,1.1,0.4,1.1,0.4,0.58,0.58,0.28,0.22,0.28,0.22,0.9,0.9,0.1,0.1,24,1.95,16,60,,,,,,,,
P066,Impaired,Throw,3,2,1.6,0.62,1.35,0.48,1.35,0.48,0.62,0.62,0.32,0.24,0.32,0.24,0.16,0.16,0.88,0.88,26,2,18,64,,,,,,,,
P067,Impaired,Astral,1,1,0.82,0.3,0.55,0.2,0.55,0.2,0.38,0.38,1.6,0.58,1.6,0.58,0.04,0.04,0.03,0.03,17,1.05,13,22,,,,,,,,
P067,Impaired,Chicken,1,2,1.6,0.62,0.3,0.15,0.3,0.15,0.46,0.46,0.06,0.06,0.06,0.06,0,0,0,0,0,1.08,12,23,,,,,,,,
P067,Impaired,Grab,2,1,1.08,0.42,1.35,0.48,1.35,0.48,0.52,0.52,0.16,0.12,0.16,0.12,0.58,0.58,0.16,0.16,5,1.12,14,28,,,,,,,,
P067,Impaired,Sliding,2,2,1.22,0.48,0.65,0.24,0.65,0.24,0.5,0.5,0.12,0.1,0.24,0.18,0.04,0.04,0.04,0.04,30,1.08,13,26,,,,,,,,
P067,Impaired,Teleport,3,1,1.16,0.46,0.8,0.3,0.8,0.3,0.5,0.5,0.2,0.14,0.2,0.14,0.72,0.72,0.08,0.08,17,1.15,16,30,,,,,,,,
P067,Impaired,Throw,3,2,1.2,0.48,1,0.36,1,0.36,0.54,0.54,0.24,0.18,0.24,0.18,0.1,0.1,0.62,0.62,19,1.2,17,32,,,,,,,,
P068,Impaired,Astral,1,1,0.94,0.34,0.75,0.28,0.75,0.28,0.42,0.42,1.8,0.64,1.8,0.64,0.04,0.04,0.03,0.03,21,1.7,13,36,,,,,,,,
P068,Impaired,Chicken,1,2,1.9,0.75,0.42,0.2,0.42,0.2,0.52,0.52,0.08,0.08,0.08,0.08,0,0,0,0,0,1.8,12,42,,,,,,,,
P068,Impaired,Grab,2,1,1.3,0.48,2.2,0.8,2.2,0.8,0.66,0.66,0.22,0.16,0.22,0.16,0.75,0.75,0.22,0.22,10,1.95,15,56,,,,,,,,
P068,Impaired,Sliding,2,2,1.48,0.58,0.85,0.3,0.85,0.3,0.56,0.56,0.2,0.2,0.2,0.2,0.06,0.06,0.05,0.05,45,1.85,14,50,,,,,,,,
P068,Impaired,Teleport,3,1,1.4,0.55,1,0.36,1,0.36,0.56,0.56,0.26,0.26,0.26,0.26,0.88,0.88,0.1,0.1,24,2,16,64,,,,,,,,
P068,Impaired,Throw,3,2,1.46,0.58,1.2,0.44,1.2,0.44,0.6,0.6,0.3,0.3,0.3,0.3,0.16,0.16,0.88,0.88,26,2.05,18,70,,,,,,,,
P069,Impaired,Astral,1,1,1.1,0.4,0.3,0.1,0.3,0.1,0.4,0.4,1,0.36,1,0.36,0.02,0.02,0.01,0.01,15,1.1,12,24,,,,,,,,
P069,Impaired,Chicken,1,2,2.2,0.88,0.15,0.08,0.15,0.08,0.5,0.5,0.04,0.04,0.04,0.04,0,0,0,0,0,1.2,11,28,,,,,,,,
P069,Impaired,Grab,2,1,1.4,0.52,0.8,0.3,0.8,0.3,0.52,0.52,0.1,0.08,0.1,0.08,0.3,0.3,0.08,0.08,4,1.25,13,30,,,,,,,,
P069,Impaired,Sliding,2,2,1.6,0.62,0.4,0.15,0.4,0.15,0.5,0.5,0.08,0.08,0.08,0.08,0.03,0.03,0.03,0.03,32,1.3,12,34,,,,,,,,
P069,Impaired,Teleport,3,1,1.5,0.6,0.5,0.2,0.5,0.2,0.5,0.5,0.14,0.1,0.14,0.1,0.45,0.45,0.06,0.06,18,1.35,15,38,,,,,,,,
P069,Impaired,Throw,3,2,1.55,0.62,0.65,0.24,0.65,0.24,0.52,0.52,0.18,0.14,0.18,0.14,0.08,0.08,0.4,0.4,20,1.4,16,42,,,,,,,,
